cnpj,empresa,status_reclamacao,tempo_resposta_dias,avaliacao_consumidor,data_reclamacao
54072183000180,Nascimento,Resolvida,29,3,2024-07-31
03215879000187,Rios S.A.,Não Resolvida,21,2,2025-01-26
60732958000107,Almeida,Resolvida,11,3,2025-04-17
91563072000100,Farias,Não Resolvida,4,3,2025-11-16
19627054000100,Costela Ltda.,Resolvida,2,4,2024-12-09
97356084000132,Jesus Silva Ltda.,Não Resolvida,2,4,2025-03-22
76089542000144,Oliveira Ltda.,Resolvida,12,2,2024-05-12
23706489000117,Macedo Cavalcanti e Filhos,Resolvida,12,1,2024-07-25
63928450000169,Cunha Lima S.A.,Resolvida,27,2,2025-05-07
05926174000101,Rodrigues Ltda.,Resolvida,28,3,2024-09-20
58234791000102,Monteiro Marques - ME,Resolvida,20,1,2026-01-24
35712986000107,Mendes,Resolvida,19,5,2025-07-27
76520381000100,Fogaça,Resolvida,18,4,2025-07-20
59804672000100,Cunha,Não Resolvida,14,2,2025-09-02
19865234000120,Albuquerque - ME,Resolvida,26,5,2025-05-07
92318476000193,Rios,Resolvida,28,4,2024-06-07
41365729000149,Camargo,Resolvida,29,3,2024-03-04
54190867000186,Alves,Não Resolvida,4,2,2024-01-27
63179042000151,Cardoso,Resolvida,2,2,2024-03-06
63508247000133,Rios Nogueira Ltda.,Resolvida,29,2,2024-10-07
78513962000131,Pires - EI,Não Resolvida,2,2,2024-11-11
03285419000125,Pastor e Filhos,Não Resolvida,14,4,2025-09-08
60317854000128,Vasconcelos Rios - EI,Resolvida,8,5,2025-08-07
71826340000114,Rios Vasconcelos Ltda.,Resolvida,18,5,2025-02-22
16873429000123,Melo,Resolvida,25,4,2024-07-25
63945178000125,Aragão Ltda.,Resolvida,13,1,2024-04-20
79425608000118,Castro,Resolvida,13,1,2024-12-06
31984205000182,Brito da Cunha S/A,Resolvida,9,1,2026-01-12
72456803000166,Vasconcelos - ME,Resolvida,24,3,2025-09-08
42590631000158,Castro Pimenta S.A.,Resolvida,8,3,2025-08-08
45083796000121,da Paz Lima S/A,Não Resolvida,27,5,2024-02-10
62103579000175,das Neves da Cruz e Filhos,Não Resolvida,26,1,2025-07-01
32764180000174,da Mota,Não Resolvida,9,4,2024-07-25
68479521000107,Lima,Resolvida,16,5,2025-12-04
60459813000176,Caldeira,Resolvida,8,3,2024-12-23
52468019000160,Nunes - EI,Resolvida,3,5,2024-12-14
96835270000191,Gonçalves,Não Resolvida,3,1,2025-11-19
06159234000162,Jesus Ltda.,Resolvida,23,3,2025-05-06
01427895000108,Barros - EI,Resolvida,15,2,2024-09-30
69240183000119,da Mota,Resolvida,13,3,2024-09-01
20853196000174,Nascimento S/A,Resolvida,7,1,2025-09-23
24980635000160,Araújo,Resolvida,4,5,2025-05-19
82176549000104,Cardoso S/A,Resolvida,13,3,2025-07-23
85961204000141,Farias Aparecida e Filhos,Resolvida,13,3,2024-09-14
02156379000159,Cirino,Resolvida,28,2,2025-09-01
47529861000125,Jesus,Resolvida,25,5,2025-04-04
95184703000123,da Cunha Ltda.,Não Resolvida,28,4,2025-11-12
13628749000120,Siqueira Nunes S.A.,Resolvida,11,2,2025-08-08
68153049000118,Albuquerque e Filhos,Resolvida,25,1,2024-06-29
01286359000130,Jesus da Rocha e Filhos,Resolvida,27,1,2025-01-23
13764089000104,da Costa e Filhos,Não Resolvida,9,3,2024-09-01
92763140000130,Mendonça - EI,Resolvida,8,3,2024-05-22
94271580000103,Pacheco,Resolvida,5,1,2025-01-06
24813709000174,Oliveira - ME,Resolvida,12,3,2025-06-06
35084926000197,Camargo,Resolvida,24,1,2025-12-06
52346017000107,da Cruz - ME,Resolvida,17,2,2025-03-06
30985247000175,da Cruz,Não Resolvida,7,2,2025-03-25
95147286000149,Nascimento S/A,Resolvida,5,1,2025-03-11
03716894000109,Fernandes Camargo - EI,Não Resolvida,27,1,2024-11-03
39271864000183,Fonseca e Filhos,Não Resolvida,28,5,2024-02-26
95180723000126,Câmara,Resolvida,1,3,2024-10-07
64970583000166,Macedo Ferreira - ME,Resolvida,21,4,2024-08-25
16872394000108,Rocha Macedo - EI,Resolvida,6,4,2025-01-05
82037451000168,Araújo,Resolvida,24,3,2024-05-07
59764018000102,Brito,Resolvida,6,5,2024-08-03
61759482000152,Barros,Resolvida,6,3,2024-06-14
31562879000199,Almeida,Não Resolvida,16,1,2024-02-16
09472381000186,da Conceição - EI,Resolvida,27,5,2024-09-14
08126347000197,Cardoso,Não Resolvida,28,3,2025-10-03
43150268000112,Oliveira,Resolvida,26,3,2024-08-12
07642189000165,Souza,Não Resolvida,20,4,2025-01-26
40573629000145,Caldeira,Não Resolvida,8,2,2024-05-11
39127864000104,Moraes Ltda.,Não Resolvida,11,4,2025-03-08
82075946000181,Cavalcanti Costela S/A,Resolvida,18,2,2024-05-10
21468397000110,Sá,Resolvida,28,2,2025-01-15
80654371000126,Ribeiro Novaes S.A.,Não Resolvida,20,4,2024-02-04
31985624000139,Mendes e Filhos,Resolvida,1,4,2025-11-14
90264758000120,Gonçalves,Resolvida,27,1,2025-08-03
05834791000179,Albuquerque,Resolvida,19,3,2024-04-14
56972810000164,Araújo da Rosa Ltda.,Não Resolvida,22,1,2025-10-13
13284076000138,Oliveira - ME,Resolvida,11,1,2025-05-27
85649103000130,Barbosa,Resolvida,6,4,2024-03-23
07362185000123,Sá,Resolvida,16,1,2024-08-22
71926453000191,Carvalho - ME,Resolvida,29,2,2024-07-08
26305187000125,Fernandes,Resolvida,18,2,2024-04-11
92584670000110,Borges e Filhos,Resolvida,16,5,2024-11-03
95862143000119,Câmara,Resolvida,1,4,2025-12-04
13645827000102,Novais - ME,Resolvida,21,4,2025-11-12
65840721000155,Pacheco Nunes S/A,Resolvida,8,3,2024-09-08
80927614000152,Brito S/A,Resolvida,1,4,2026-01-01
13680259000172,Costa Porto Ltda.,Resolvida,22,5,2024-07-26
25387469000156,Freitas,Resolvida,8,3,2025-12-24
64319850000130,Alves,Resolvida,21,1,2025-11-08
05287643000181,Marques,Resolvida,1,5,2024-06-16
92657418000194,Sampaio Pires Ltda.,Resolvida,16,3,2025-06-22
54162039000134,da Rocha - EI,Resolvida,17,1,2025-03-17
27941365000177,Mendes,Não Resolvida,29,5,2024-04-23
18679423000145,Castro,Não Resolvida,28,1,2024-04-18
36905871000100,Ferreira,Não Resolvida,29,1,2025-01-23
84290315000100,Pastor - EI,Resolvida,3,4,2024-11-21
34597260000108,Barbosa,Não Resolvida,29,5,2024-10-08
39482675000150,Duarte,Resolvida,1,3,2024-03-19
85904271000124,Gonçalves,Resolvida,25,2,2025-06-15
37845216000168,Pimenta Ltda.,Não Resolvida,26,3,2025-01-11
36528907000175,Moreira Cavalcanti - EI,Resolvida,24,2,2025-09-07
69418302000180,Albuquerque Silva S/A,Resolvida,22,2,2025-09-28
58947236000110,Sá,Resolvida,10,2,2025-01-22
21654987000138,da Cunha,Resolvida,8,1,2025-11-25
07645291000114,Brito,Resolvida,22,5,2025-09-17
02847513000168,Siqueira S.A.,Resolvida,26,3,2025-03-04
60925817000100,Siqueira,Resolvida,24,5,2025-07-05
52610834000112,Nogueira S.A.,Resolvida,7,1,2025-04-10
82490135000147,Macedo,Resolvida,20,1,2025-10-01
29017483000119,Pires - EI,Resolvida,14,4,2025-01-31
79461283000129,Sá,Não Resolvida,15,4,2024-11-06
74619325000193,Fogaça Azevedo - ME,Resolvida,23,3,2024-01-30
53847192000132,da Mata - ME,Resolvida,29,2,2025-12-07
12538670000145,Andrade,Não Resolvida,17,4,2025-09-12
28974630000186,Dias,Resolvida,15,3,2024-12-05
28960341000128,Fogaça,Resolvida,1,5,2024-08-27
52687403000154,Ramos,Resolvida,12,5,2025-05-18
32849760000164,Melo,Resolvida,6,5,2025-09-20
98315204000116,Aparecida,Resolvida,15,3,2025-10-25
45728019000197,Pimenta,Resolvida,20,5,2025-05-18
34109562000190,Rios - EI,Não Resolvida,10,3,2025-07-09
07496821000100,Martins,Não Resolvida,19,4,2024-10-05
90672314000123,Fonseca - EI,Resolvida,26,5,2024-05-31
91045367000187,Pinto,Resolvida,23,1,2025-02-20
62785901000193,Pimenta,Resolvida,1,2,2025-09-13
65049231000135,Lima,Não Resolvida,15,2,2025-04-22
52130897000171,Vargas,Resolvida,22,1,2025-06-21
95217068000133,Novais,Resolvida,21,1,2025-03-06
41657809000178,Silva,Não Resolvida,7,5,2024-02-19
49802756000143,Caldeira Rocha - EI,Resolvida,23,3,2024-02-05
48915760000155,Camargo Cirino - ME,Resolvida,16,3,2024-07-16
16928570000186,Vasconcelos,Não Resolvida,25,5,2025-03-03
87460231000166,Souza Dias S.A.,Resolvida,5,1,2024-05-31
01943256000103,Abreu,Resolvida,20,5,2024-03-16
23095687000191,Ribeiro,Resolvida,26,2,2025-01-04
90281467000140,Aragão,Resolvida,7,4,2024-02-16
83467521000180,da Mota,Resolvida,5,2,2025-06-08
62417830000176,Vargas Ltda.,Resolvida,5,4,2024-01-31
24065839000176,Camargo,Resolvida,10,2,2024-07-01
40239157000199,Costa Barros S/A,Não Resolvida,1,5,2025-09-11
52940863000142,Lima,Resolvida,16,2,2025-01-05
37591280000160,Melo e Filhos,Resolvida,27,4,2025-05-07
06178349000102,Montenegro,Resolvida,18,3,2025-03-17
56103927000101,Ramos,Resolvida,1,5,2025-04-25
95280367000112,das Neves - ME,Resolvida,5,4,2025-02-15
62857401000110,Abreu - ME,Resolvida,1,2,2025-09-28
83529461000183,Almeida,Resolvida,29,5,2024-05-13
45192307000170,Fernandes,Resolvida,14,2,2024-11-17
81462507000169,Barros,Resolvida,18,3,2025-05-10
47013829000192,Barbosa,Resolvida,26,5,2024-06-21
92430617000165,Porto,Não Resolvida,26,2,2025-07-13
19073845000135,da Rosa,Resolvida,7,4,2025-05-12
50963142000122,Moura Araújo - EI,Resolvida,18,5,2025-06-18
50628714000117,Cunha - ME,Não Resolvida,24,4,2025-09-05
16597320000100,Gonçalves,Resolvida,29,1,2026-01-14
52679310000188,da Mata,Resolvida,5,1,2024-08-22
30692475000157,Mendes,Resolvida,3,1,2024-10-14
17253086000167,Porto - EI,Resolvida,4,2,2024-05-29
56342198000146,Porto Moraes - EI,Resolvida,24,5,2025-05-23
78931462000110,Aragão,Resolvida,23,5,2024-11-23
25864390000179,Gonçalves,Resolvida,3,1,2025-10-13
51026384000152,Montenegro,Resolvida,17,4,2025-12-05
68250314000186,Cirino Novaes S/A,Não Resolvida,22,5,2025-08-16
30814657000153,Barros - ME,Não Resolvida,17,4,2025-09-24
67812309000157,Azevedo,Resolvida,9,3,2024-10-08
61320458000112,Moraes Rios S.A.,Resolvida,7,4,2024-12-21
08159362000131,Almeida Peixoto - ME,Não Resolvida,20,3,2025-02-03
48631725000104,Vargas - EI,Resolvida,16,5,2025-07-16
10958273000105,Nunes,Resolvida,12,1,2025-06-17
32860947000169,Cirino,Resolvida,21,4,2025-05-14
96832540000100,Ramos - EI,Não Resolvida,16,1,2025-05-14
05236974000192,Novaes S/A,Resolvida,21,2,2025-08-10
69172538000180,Lopes,Não Resolvida,14,2,2024-08-26
35402197000170,Gomes,Resolvida,23,5,2024-06-05
05641873000105,Carvalho Ltda.,Resolvida,18,4,2025-02-09
17049653000168,Rios Ltda.,Resolvida,26,4,2025-12-05
09836271000156,Cavalcanti,Não Resolvida,6,5,2025-03-11
91368075000185,Jesus da Costa e Filhos,Resolvida,9,2,2024-07-11
02745683000131,Pinto,Não Resolvida,2,5,2025-04-02
91203846000184,das Neves Moura S/A,Resolvida,6,3,2025-12-13
15703692000101,Casa Grande,Resolvida,13,1,2024-12-20
97634251000160,da Mota - ME,Não Resolvida,17,1,2024-09-03
08374529000187,Azevedo,Resolvida,4,4,2024-10-07
83710295000117,Camargo,Resolvida,29,4,2025-07-31
74021659000160,Rodrigues,Resolvida,27,2,2025-04-26
08261743000127,Rios - EI,Não Resolvida,7,3,2025-08-06
81593706000106,Fonseca Ltda.,Resolvida,18,4,2024-06-06
15096784000170,Câmara,Resolvida,20,4,2024-06-18
52381794000184,Correia,Não Resolvida,9,1,2024-12-18
95083127000128,Castro - EI,Resolvida,28,1,2025-10-08
62591438000149,Brito,Resolvida,17,1,2025-02-12
71046259000111,Campos,Não Resolvida,6,5,2025-04-18
70369815000128,Sales - EI,Não Resolvida,12,5,2024-07-18
83194507000150,Peixoto,Não Resolvida,29,5,2024-07-15
37961280000104,da Luz - ME,Resolvida,21,3,2024-09-15
23905647000168,Peixoto Nascimento - EI,Não Resolvida,4,3,2025-05-12
49268503000131,Machado Sales S.A.,Resolvida,25,2,2025-08-11
80761453000170,Aragão,Resolvida,17,1,2024-11-16
31594826000150,Silva Caldeira - EI,Resolvida,22,3,2025-11-21
54713628000163,Pereira Cavalcanti S.A.,Não Resolvida,25,3,2024-03-15
80341692000170,Cirino,Resolvida,16,4,2025-07-07
48960751000186,Rios Nunes - ME,Resolvida,21,2,2024-06-29
35798142000120,Gomes S.A.,Resolvida,26,2,2025-10-13
25789463000105,da Rosa Nunes S.A.,Resolvida,28,4,2025-05-21
71359468000115,Mendonça,Resolvida,4,3,2024-12-07
07458162000117,Pereira S/A,Resolvida,17,1,2024-05-28
19608732000197,Peixoto,Resolvida,20,5,2024-07-13
19328054000109,Montenegro,Resolvida,29,5,2025-03-20
20867135000166,Peixoto,Não Resolvida,29,2,2024-05-17
53479106000186,Pastor,Resolvida,5,1,2024-05-15
12359467000101,Sampaio,Resolvida,24,2,2024-06-05
51297063000192,Monteiro,Resolvida,5,1,2025-07-17
39250874000132,Porto,Não Resolvida,18,1,2024-04-08
56874320000125,Moura,Resolvida,26,1,2024-03-27
21895406000150,Montenegro Ltda.,Não Resolvida,27,1,2025-12-02
35091487000140,Aparecida,Não Resolvida,2,1,2025-01-18
37845126000177,Sá,Resolvida,1,5,2025-03-22
27618054000171,Siqueira Dias S/A,Resolvida,6,4,2025-03-27
15827034000121,Rios Camargo e Filhos,Não Resolvida,5,3,2024-10-25
92537086000104,Lopes Lima S/A,Resolvida,5,5,2024-12-01
09538716000111,Câmara S.A.,Não Resolvida,10,3,2024-08-25
98103724000165,Sampaio S.A.,Resolvida,14,1,2025-04-03
61054893000142,Carvalho,Resolvida,19,5,2025-12-06
73916258000106,Garcia,Resolvida,1,1,2024-03-30
69843210000148,Dias,Não Resolvida,2,4,2025-12-07
26154380000102,da Luz Cirino - EI,Resolvida,7,2,2025-02-15
82631095000106,Ferreira S.A.,Resolvida,22,3,2024-11-29
98601473000149,Cunha Cavalcante S.A.,Resolvida,12,1,2025-02-22
20749815000185,Brito,Resolvida,5,3,2025-04-04
37029514000180,Rodrigues - EI,Resolvida,16,5,2024-03-23
35408917000104,Abreu,Resolvida,2,3,2024-12-13
82156704000112,Barbosa Rezende S.A.,Resolvida,6,4,2024-12-04
61073459000100,Rocha,Não Resolvida,18,2,2024-09-08
03148526000101,Silveira,Resolvida,15,3,2024-09-04
27643950000190,Moraes Gomes e Filhos,Resolvida,2,4,2024-04-19
72538064000151,Porto,Resolvida,1,4,2025-08-23
29670531000173,Nogueira Montenegro - ME,Resolvida,10,3,2024-08-13
76843091000199,Sousa,Resolvida,29,4,2025-05-10
60925143000136,Cardoso S/A,Resolvida,17,2,2025-03-08
15087239000118,Freitas,Não Resolvida,20,5,2024-03-17
58103672000102,Rodrigues S/A,Não Resolvida,21,2,2024-05-24
69480275000176,Abreu,Resolvida,11,3,2025-10-08
15823476000108,Pinto Porto e Filhos,Resolvida,19,1,2024-07-17
59871346000108,Albuquerque,Resolvida,16,3,2025-10-28
69378412000166,da Cunha,Resolvida,8,4,2024-12-12
06471582000170,Nunes,Resolvida,24,1,2025-05-12
15460792000154,Peixoto Azevedo Ltda.,Não Resolvida,3,3,2024-02-08
53746028000139,da Cruz e Filhos,Resolvida,18,5,2024-09-08
58316492000109,Freitas S/A,Resolvida,19,5,2024-10-01
06471598000183,Ferreira,Resolvida,28,2,2024-06-29
29546187000105,Porto Cunha S/A,Resolvida,21,1,2025-07-19
97084235000140,Câmara Vieira Ltda.,Resolvida,12,2,2025-12-23
29831570000105,Pinto - EI,Não Resolvida,17,2,2024-02-06
92408351000154,Albuquerque,Resolvida,9,2,2024-04-24
62105834000119,da Mata,Não Resolvida,25,3,2024-08-22
20783694000198,Nunes Ltda.,Não Resolvida,29,1,2024-10-23
98316072000147,Brito S/A,Resolvida,1,1,2024-04-25
65973248000184,Alves,Resolvida,20,2,2025-01-04
45760189000159,Ribeiro,Não Resolvida,14,2,2024-03-03
18732609000110,Rios Pires - EI,Resolvida,14,3,2025-04-07
47093581000117,Cunha Gomes S.A.,Resolvida,7,3,2025-07-24
67905831000183,Araújo S.A.,Não Resolvida,14,3,2024-04-12
01835976000147,Fernandes Rodrigues Ltda.,Resolvida,13,2,2025-01-09
51796203000177,Garcia e Filhos,Resolvida,3,3,2024-05-16
53672041000190,Cavalcante,Resolvida,25,5,2025-08-04
71504382000139,da Cruz,Resolvida,7,1,2024-07-24
96581247000118,Câmara S.A.,Não Resolvida,22,2,2025-08-21
01796854000199,Nogueira Siqueira Ltda.,Resolvida,25,1,2024-12-01
35721806000153,Guerra Leão - EI,Resolvida,25,4,2024-11-22
83710256000110,Vargas,Resolvida,9,5,2026-01-07
89532604000192,Freitas - EI,Resolvida,4,2,2025-07-16
59872613000161,Nogueira,Resolvida,8,1,2024-03-07
29654708000148,Cirino,Resolvida,10,1,2025-12-04
12046879000191,Pinto Cunha S/A,Resolvida,20,2,2025-04-01
06154829000125,Araújo,Resolvida,27,3,2025-07-10
29045836000194,Teixeira,Não Resolvida,5,1,2024-05-21
67840321000175,da Conceição Farias - EI,Resolvida,22,5,2024-10-22
70354961000180,Rios,Resolvida,23,4,2024-08-06
53789124000164,da Mata Silveira - ME,Não Resolvida,24,1,2025-07-27
17248956000100,Monteiro S/A,Resolvida,19,5,2024-08-02
34516729000137,Sales Pacheco S.A.,Não Resolvida,6,2,2025-08-22
95632408000192,da Rosa e Filhos,Resolvida,11,4,2025-10-30
61807952000106,Teixeira - EI,Resolvida,22,1,2025-10-30
84396275000186,da Cruz Fogaça - ME,Resolvida,6,3,2024-10-29
85067213000193,Barros Mendes Ltda.,Não Resolvida,2,3,2025-09-07
42987615000101,Sales Mendonça - ME,Resolvida,19,5,2025-03-07
30461758000198,Rios,Não Resolvida,6,2,2024-06-25
61302598000168,Abreu,Resolvida,19,4,2024-09-01
37846915000122,Melo S.A.,Resolvida,17,4,2025-10-17
84160927000189,da Rocha - ME,Resolvida,26,5,2024-11-06
46578012000107,Aparecida,Resolvida,4,5,2025-02-12
30547981000152,Cunha,Resolvida,1,2,2025-04-01
76154280000154,Freitas,Resolvida,5,2,2024-04-19
76240891000115,Moraes - EI,Não Resolvida,13,2,2025-10-27
50792643000193,Dias,Resolvida,5,1,2024-09-20
51976423000182,da Luz da Rosa S.A.,Não Resolvida,11,3,2025-06-14
59437061000163,Câmara S.A.,Resolvida,17,5,2025-09-05
86715932000136,Albuquerque,Não Resolvida,12,2,2024-11-22
56179402000150,Peixoto,Resolvida,24,3,2024-12-31
24071659000105,Jesus,Não Resolvida,12,3,2025-02-23
95702641000102,Freitas,Resolvida,8,4,2024-08-16
06982371000100,Sá Fogaça S/A,Não Resolvida,8,3,2025-10-08
75308294000112,Silveira Pereira - EI,Não Resolvida,14,4,2024-03-14
02457396000126,Leão,Resolvida,21,5,2024-10-20
07942581000120,Pinto - ME,Não Resolvida,27,2,2026-01-15
32465871000177,Moraes,Não Resolvida,25,5,2025-09-03
91063874000143,Mendes e Filhos,Resolvida,18,3,2024-06-07
52643981000199,Ribeiro,Resolvida,1,1,2025-06-05
72105389000140,Novaes,Resolvida,1,2,2024-08-20
06381974000149,Teixeira,Resolvida,8,3,2024-02-22
41297560000137,Câmara,Resolvida,6,3,2024-10-01
90238615000143,Albuquerque,Resolvida,8,2,2025-11-26
57163289000187,Teixeira Silveira - EI,Resolvida,15,5,2024-05-02
34760891000104,Fonseca,Resolvida,7,3,2024-07-02
30145967000122,Pastor,Não Resolvida,6,1,2025-01-31
04893651000109,Oliveira e Filhos,Resolvida,5,3,2025-06-18
86341570000160,Barbosa Duarte S/A,Resolvida,4,2,2025-07-27
81645023000155,Vasconcelos Andrade S/A,Não Resolvida,27,2,2024-09-05
40675239000186,Ramos e Filhos,Resolvida,6,5,2025-02-25
42786095000160,Cardoso Ltda.,Resolvida,4,5,2025-12-17
35179068000164,Teixeira - ME,Resolvida,24,5,2024-02-23
47918265000137,Costela Melo S/A,Resolvida,29,4,2026-01-10
51207863000175,Cirino S.A.,Resolvida,2,3,2025-07-07
23187405000186,Jesus Santos - ME,Resolvida,19,4,2024-12-09
37594108000160,Pinto - EI,Resolvida,11,3,2024-08-03
86235791000154,Dias da Cunha S/A,Resolvida,11,2,2024-10-03
38795016000100,da Rocha,Resolvida,6,2,2024-08-16
87629543000150,Costela,Não Resolvida,12,2,2025-03-03
92780516000114,da Cruz,Resolvida,18,1,2024-03-22
86592431000100,da Mota,Resolvida,8,4,2024-02-21
16953702000120,Alves,Resolvida,12,4,2025-10-31
23197608000153,Jesus Macedo - ME,Não Resolvida,5,5,2024-03-02
96021375000107,Costela,Resolvida,10,1,2024-03-01
01745398000158,Peixoto Rios e Filhos,Resolvida,26,1,2024-11-11
39126504000198,da Mata Santos Ltda.,Resolvida,29,1,2025-10-16
35912874000108,Carvalho Ltda.,Não Resolvida,23,1,2024-12-09
50782394000155,Ramos Monteiro Ltda.,Resolvida,21,2,2025-10-09
12736804000132,Azevedo,Não Resolvida,22,1,2024-05-17
31057698000105,das Neves Marques e Filhos,Resolvida,22,3,2024-05-06
34850269000189,Mendonça,Resolvida,21,1,2025-01-11
34291685000194,Alves,Resolvida,10,4,2024-02-17
94230765000161,da Cruz,Não Resolvida,26,1,2024-08-10
71269385000135,Leão,Resolvida,20,1,2025-06-29
67495128000144,Teixeira,Não Resolvida,6,2,2025-12-27
51862937000107,Rios S.A.,Resolvida,27,2,2025-08-18
29136487000116,Pastor,Não Resolvida,11,3,2024-07-05
93641502000182,Vargas,Resolvida,19,1,2025-02-14
40938157000187,Carvalho Guerra S.A.,Resolvida,6,5,2024-09-06
79862315000106,Aparecida e Filhos,Não Resolvida,17,5,2025-07-08
59824167000110,Vargas Monteiro - EI,Resolvida,22,2,2025-08-20
97531842000101,Nunes Nunes S.A.,Resolvida,21,1,2025-12-23
64072593000184,Aparecida e Filhos,Resolvida,20,1,2025-06-04
49870215000152,Macedo da Cruz - ME,Resolvida,22,4,2024-05-03
70925186000175,Nunes,Resolvida,8,1,2025-07-14
15726908000154,Gomes,Resolvida,13,3,2025-11-16
54170983000133,Leão Rocha S/A,Resolvida,19,5,2024-02-12
53270698000121,da Conceição,Resolvida,29,3,2025-12-08
56289473000105,Aparecida Camargo S.A.,Resolvida,14,3,2025-01-03
49503618000163,Sampaio,Resolvida,2,4,2024-01-30
24810756000164,Garcia Marques S/A,Resolvida,6,3,2025-11-07
46791238000183,Machado,Resolvida,1,5,2026-01-04
18709543000148,Albuquerque Camargo - ME,Resolvida,3,2,2025-08-24
96307814000142,Campos S/A,Resolvida,14,2,2024-09-29
73546981000140,Sousa S/A,Resolvida,23,4,2025-01-09
57401896000138,Nunes,Não Resolvida,7,5,2024-04-22
82017453000195,Sampaio Ltda.,Resolvida,25,3,2024-03-27
53280471000167,Montenegro - EI,Resolvida,27,5,2025-11-01
24675913000176,Fonseca - EI,Resolvida,25,5,2025-02-11
69143580000172,Viana Câmara - ME,Resolvida,1,4,2024-10-06
97168302000105,das Neves - EI,Resolvida,2,3,2025-12-28
74890516000195,Vargas,Resolvida,14,3,2024-04-11
28509461000103,da Rosa S.A.,Não Resolvida,20,5,2025-10-30
92843601000184,da Costa,Resolvida,14,2,2025-07-05
23781549000166,Nogueira e Filhos,Resolvida,7,1,2025-07-13
43517689000139,Cavalcante Ltda.,Resolvida,19,5,2025-08-29
42609578000190,da Costa,Não Resolvida,29,4,2024-05-06
26958347000135,da Mota,Resolvida,1,5,2025-07-04
36872415000100,Machado Borges S.A.,Resolvida,10,2,2025-01-03
49025178000186,Macedo,Resolvida,23,4,2025-05-19
40783152000122,Fogaça Cunha S.A.,Não Resolvida,5,1,2024-06-19
81795023000131,Monteiro Cirino S/A,Resolvida,12,3,2025-05-24
83521749000101,Moura S.A.,Não Resolvida,22,4,2025-08-18
85761930000110,Nascimento,Resolvida,10,3,2025-11-24
16394720000119,Brito,Não Resolvida,17,2,2024-02-20
36854729000172,da Rocha,Resolvida,14,1,2024-05-17
76859102000129,Cunha,Resolvida,13,1,2024-04-16
32840617000101,Cavalcanti - ME,Resolvida,22,3,2025-12-03
31789256000153,Aparecida,Resolvida,26,2,2024-02-21
50412839000105,Montenegro Abreu S/A,Não Resolvida,2,5,2025-09-28
40592381000160,Mendes Ltda.,Resolvida,18,5,2024-05-07
05839764000199,Viana das Neves - ME,Não Resolvida,9,2,2024-11-18
07241893000106,Dias,Resolvida,25,2,2024-08-20
14265378000121,Guerra Cardoso S.A.,Resolvida,21,2,2025-01-03
62371904000180,Pereira,Resolvida,27,1,2025-04-14
48709251000176,Campos,Resolvida,27,2,2024-09-26
29780541000161,Novaes,Resolvida,25,5,2025-06-29
43917526000143,Rocha S/A,Resolvida,13,1,2025-06-16
49012863000178,Monteiro,Resolvida,28,2,2025-09-26
71048923000161,Sales Cirino S/A,Resolvida,2,4,2024-05-15
41582039000141,Sousa,Não Resolvida,1,3,2024-09-07
40319527000106,Costela,Resolvida,19,2,2024-03-05
41729053000125,Carvalho da Conceição e Filhos,Resolvida,11,3,2024-03-12
82051634000138,Araújo,Resolvida,17,3,2024-12-01
45893016000109,Novais,Resolvida,3,2,2024-08-15
17832564000193,Cardoso,Resolvida,24,5,2024-05-01
69482013000140,Freitas,Resolvida,26,4,2024-05-15
03179654000112,Cassiano,Resolvida,19,3,2024-09-11
18974023000162,Gomes S/A,Não Resolvida,17,3,2024-09-17
67342051000172,das Neves e Filhos,Resolvida,2,1,2025-05-13
36945702000195,Aragão S.A.,Não Resolvida,21,1,2024-04-05
26840537000153,Melo,Resolvida,17,1,2025-09-04
68940513000116,Marques,Resolvida,11,2,2025-06-01
87301692000196,Pastor,Resolvida,3,3,2025-10-01
61280745000146,Azevedo Correia S.A.,Resolvida,12,4,2024-02-27
48936152000127,Moura Ltda.,Não Resolvida,6,2,2024-03-29
42985036000111,Borges,Resolvida,5,4,2024-10-07
10789435000110,da Rosa,Não Resolvida,17,5,2025-02-15
98061437000130,Oliveira e Filhos,Não Resolvida,25,1,2025-11-03
87359061000128,Dias - ME,Resolvida,16,3,2024-03-30
75423061000160,da Rocha da Cunha Ltda.,Resolvida,21,1,2024-03-16
92306174000103,Câmara Ltda.,Resolvida,22,1,2024-11-09
07154296000144,Fernandes,Não Resolvida,12,3,2025-11-15
86395204000194,Pires - EI,Não Resolvida,13,2,2024-02-18
21389475000191,Cavalcanti,Resolvida,10,1,2025-06-27
58391427000148,Silveira Borges S.A.,Resolvida,21,2,2025-01-20
10725498000103,Farias,Resolvida,15,5,2025-01-07
92417683000103,Moura,Resolvida,19,2,2025-10-03
40563798000102,Carvalho,Resolvida,29,2,2025-05-17
43907125000102,Fonseca,Resolvida,20,3,2024-11-16
61348790000195,Carvalho S.A.,Resolvida,10,1,2024-04-17
96738120000160,Aparecida Nunes S/A,Resolvida,24,3,2024-05-12
14209387000103,Rodrigues S.A.,Resolvida,13,2,2024-05-26
25487160000138,Costa Aparecida - EI,Não Resolvida,11,2,2024-05-15
29674805000100,Silva Silveira e Filhos,Resolvida,12,1,2024-02-09
19502837000167,Guerra,Resolvida,22,1,2024-06-14
36572819000170,da Cruz,Resolvida,1,5,2025-09-16
05917684000104,Novais,Resolvida,2,3,2024-02-26
38492615000155,Câmara da Costa S/A,Não Resolvida,27,5,2025-12-18
62538904000122,Pastor Azevedo e Filhos,Resolvida,3,3,2025-02-24
18409276000193,Ramos,Não Resolvida,20,5,2024-09-18
43910875000133,Teixeira Casa Grande - ME,Não Resolvida,29,5,2024-04-10
79012683000157,Machado,Resolvida,16,4,2024-03-31
61473852000190,Rodrigues,Não Resolvida,10,1,2025-11-15
94261380000161,Pires,Resolvida,20,5,2024-06-21
94508123000181,Cardoso e Filhos,Resolvida,17,3,2025-11-24
31948072000199,Campos,Resolvida,24,2,2025-03-12
82156374000165,Vasconcelos Castro - EI,Resolvida,5,1,2024-08-17
40251837000128,Nascimento - EI,Resolvida,21,1,2024-12-15
02753419000140,Casa Grande S/A,Resolvida,25,4,2025-01-19
31480275000101,Gonçalves da Rocha Ltda.,Resolvida,26,5,2025-09-08
48172350000161,Jesus,Não Resolvida,11,4,2025-10-23
31248957000185,Lopes,Resolvida,24,3,2024-08-19
54201897000140,Castro,Não Resolvida,2,1,2024-07-24
27539041000107,Costela da Luz S.A.,Resolvida,4,3,2025-04-24
05823791000173,Almeida,Resolvida,29,5,2025-05-08
50287319000118,Borges,Não Resolvida,14,2,2024-03-27
63948572000117,Santos S.A.,Resolvida,25,2,2025-09-26
46258013000166,Rodrigues Pastor S.A.,Resolvida,26,3,2025-10-26
34605981000112,da Paz Farias Ltda.,Não Resolvida,5,5,2024-08-13
20519476000140,Carvalho Sousa - ME,Resolvida,23,1,2025-02-22
76502389000135,Mendonça - EI,Resolvida,20,2,2025-06-16
68179524000125,Abreu Correia Ltda.,Resolvida,27,2,2025-09-19
45607281000183,Borges Ltda.,Resolvida,18,1,2025-01-04
83705912000196,Vieira,Resolvida,3,5,2024-04-30
20136849000102,Cardoso - EI,Resolvida,15,1,2024-10-29
68359017000173,Araújo Duarte - EI,Resolvida,14,5,2026-01-24
07192485000101,Costa Barbosa S.A.,Resolvida,9,3,2025-11-16
24530786000117,Camargo Barbosa e Filhos,Resolvida,29,1,2025-05-13
72049815000176,Martins,Resolvida,2,4,2024-08-18
60839514000167,Cirino,Resolvida,15,1,2024-11-01
31652807000132,Carvalho,Resolvida,27,2,2025-05-28
12765849000135,Pires e Filhos,Resolvida,15,3,2025-08-26
36412795000192,Correia,Resolvida,26,2,2025-02-22
89530612000108,Sá,Resolvida,28,5,2024-11-24
61529703000104,Carvalho Ribeiro S/A,Não Resolvida,13,1,2025-06-22
70615349000113,da Cunha Fernandes e Filhos,Resolvida,13,5,2025-11-14
09634512000184,da Conceição Silveira Ltda.,Não Resolvida,3,2,2025-05-03
39872450000100,da Conceição,Resolvida,13,5,2025-11-13
06178325000145,Pimenta,Resolvida,24,3,2024-05-24
79201845000103,da Costa Ltda.,Não Resolvida,28,1,2025-05-24
39145280000161,Cassiano S/A,Resolvida,16,1,2024-04-24
75198362000138,Albuquerque,Resolvida,13,1,2024-10-07
87963140000143,da Cunha,Não Resolvida,4,3,2024-12-04
76025198000120,Aparecida,Não Resolvida,7,5,2025-11-24
14567098000178,Ramos Viana Ltda.,Não Resolvida,26,1,2024-03-30
48572691000124,Silva Ribeiro - EI,Resolvida,23,2,2024-12-30
86319024000123,da Rocha,Resolvida,11,5,2025-01-26
34128659000140,Pastor,Resolvida,18,4,2026-01-03
48523907000161,Costa Cassiano S/A,Resolvida,13,5,2025-04-17
15347298000188,Rios e Filhos,Resolvida,2,5,2025-03-03
93475862000151,Gonçalves,Resolvida,17,1,2025-02-01
21783904000100,Carvalho,Resolvida,2,4,2026-01-07
59360748000148,Pimenta,Resolvida,13,3,2025-10-15
26017384000149,da Rocha,Resolvida,19,2,2024-06-01
45687320000108,Correia da Costa - EI,Resolvida,2,4,2025-01-11
36587249000192,Fogaça Ltda.,Resolvida,5,5,2024-05-06
76194528000100,da Luz Garcia S.A.,Não Resolvida,20,4,2025-11-28
83467921000196,Sá,Resolvida,27,1,2025-08-24
36210859000172,Cunha,Não Resolvida,17,2,2024-05-20
24806951000110,Novaes,Resolvida,22,2,2024-07-26
45920731000193,Rezende,Resolvida,18,2,2024-11-19
78951306000110,Fonseca,Não Resolvida,15,5,2025-05-07
31045872000108,da Costa,Resolvida,27,3,2024-06-21
92750634000180,Casa Grande,Resolvida,12,5,2025-01-04
64182093000103,Pires,Resolvida,6,3,2024-07-19
58401329000144,Ribeiro da Paz e Filhos,Resolvida,23,2,2024-09-01
03182495000105,Gomes S.A.,Resolvida,2,5,2024-03-30
25760348000108,Vasconcelos,Não Resolvida,3,5,2025-09-01
03425196000154,Dias,Não Resolvida,15,5,2024-10-12
54367891000148,Silva,Resolvida,20,2,2025-11-03
69430257000180,Sousa,Não Resolvida,20,3,2025-07-31
21569704000150,Andrade - ME,Resolvida,17,4,2024-03-05
97160845000186,Leão - ME,Resolvida,29,5,2025-02-27
69834507000147,Jesus,Não Resolvida,5,3,2025-07-19
45072891000120,Ribeiro Farias e Filhos,Não Resolvida,19,1,2024-06-17
90861327000140,Campos Teixeira - EI,Resolvida,27,1,2025-02-08
03751629000161,Castro S/A,Resolvida,6,2,2025-05-16
75361802000126,Cavalcanti,Resolvida,17,1,2025-07-10
79623850000104,Lima Sá Ltda.,Resolvida,18,4,2025-10-29
19485327000129,Cavalcante Sá - ME,Resolvida,8,4,2024-12-31
13475608000114,Vasconcelos,Resolvida,17,5,2024-08-02
87240916000105,Vieira Moraes - ME,Não Resolvida,15,3,2024-04-24
60357481000119,da Cunha da Luz - EI,Não Resolvida,20,3,2024-09-25
76235890000182,Pires Ltda.,Não Resolvida,12,5,2025-06-24
34502891000104,da Mota e Filhos,Não Resolvida,26,3,2025-08-01
14975306000178,Pires - EI,Resolvida,15,1,2024-12-22
34652197000165,Macedo Andrade e Filhos,Resolvida,7,1,2025-06-27
82507413000121,Carvalho,Resolvida,20,4,2024-07-11
39751684000107,Peixoto Ltda.,Resolvida,16,1,2025-03-02
07958243000186,Souza,Resolvida,22,5,2024-07-11
07659283000127,Rezende Sá - ME,Resolvida,24,3,2025-02-12
80365472000187,Caldeira Costela Ltda.,Não Resolvida,17,5,2024-03-24
81069523000196,Nogueira,Resolvida,18,3,2025-05-01
85427069000159,Fogaça - ME,Resolvida,1,4,2024-06-15
67320584000153,da Mata,Não Resolvida,8,3,2024-05-09
06239417000198,Lopes - EI,Resolvida,24,1,2025-01-07
60342597000184,Nunes,Resolvida,25,4,2025-08-06
36798421000157,Garcia Pastor - EI,Resolvida,10,2,2025-05-14
47893506000130,Vasconcelos S/A,Resolvida,2,1,2025-11-06
10385276000199,Fernandes Moreira S.A.,Resolvida,13,1,2024-11-30
79530246000125,Sá,Não Resolvida,26,2,2024-12-30
87425016000124,Pires - EI,Não Resolvida,26,2,2025-03-26
95743682000139,das Neves Ltda.,Não Resolvida,2,2,2025-02-23
30146798000145,Rezende,Resolvida,17,3,2026-01-20
32180749000154,da Mata S/A,Resolvida,27,1,2024-11-05
01294658000116,Ferreira,Não Resolvida,7,1,2025-03-17
56097841000113,Pinto,Resolvida,8,2,2025-02-05
97356824000130,Teixeira Moraes S/A,Resolvida,20,3,2025-06-18
17346590000101,da Rocha - ME,Resolvida,11,4,2024-05-04
85401267000143,Pimenta,Resolvida,6,2,2024-12-18
03916482000112,Rodrigues Camargo - ME,Não Resolvida,3,1,2024-05-19
09847165000178,Monteiro Aragão S/A,Resolvida,14,3,2024-02-22
97084531000141,Cavalcanti Marques S/A,Resolvida,12,4,2025-04-20
59246370000156,Pastor,Resolvida,13,3,2024-05-18
53264071000168,da Paz,Resolvida,23,4,2024-07-08
76413598000102,Nunes,Resolvida,29,5,2024-05-03
23690584000170,Vieira Carvalho S.A.,Resolvida,19,4,2025-08-02
31796485000103,Lima e Filhos,Resolvida,18,3,2024-04-11
42853917000189,Moura Araújo - EI,Resolvida,24,1,2024-04-09
80624971000141,Correia e Filhos,Resolvida,28,2,2024-09-21
15239764000101,Nunes,Resolvida,29,5,2025-10-25
27146938000170,Guerra,Resolvida,15,1,2024-04-05
54820971000107,Jesus,Não Resolvida,17,5,2024-04-25
65917832000112,Marques Viana - ME,Resolvida,29,4,2025-10-05
39124805000182,Rios,Resolvida,28,4,2024-03-17
90258671000140,Rocha,Não Resolvida,28,2,2024-04-13
41982657000189,Cirino,Não Resolvida,9,4,2024-04-04
87543016000129,Ramos,Resolvida,2,4,2024-12-10
54903781000153,Monteiro,Não Resolvida,2,4,2025-04-15
63452801000108,Costa,Resolvida,10,3,2025-02-08
15362084000180,Marques e Filhos,Resolvida,22,5,2025-08-05
85430612000177,Rezende Fernandes Ltda.,Resolvida,13,2,2024-02-25
30951478000168,Andrade Sousa S.A.,Resolvida,15,1,2024-06-03
39648125000168,Correia,Resolvida,8,4,2025-07-09
07231564000184,Novaes,Não Resolvida,23,2,2024-03-25
32154807000175,Ramos,Resolvida,14,2,2025-03-30
98065413000159,Gonçalves Andrade - ME,Resolvida,5,5,2025-04-05
04268753000133,Guerra,Resolvida,22,4,2025-02-06
18674920000150,Marques,Resolvida,14,1,2024-10-17
24683970000105,Moura Costa e Filhos,Resolvida,7,1,2024-11-08
67895302000146,Sampaio,Resolvida,25,4,2025-02-18
65179032000141,Cardoso - EI,Resolvida,5,5,2025-04-21
40371958000103,Mendonça,Resolvida,8,4,2025-11-12
02875964000109,da Cruz,Resolvida,13,3,2026-01-23
92837140000137,Mendonça Câmara - ME,Não Resolvida,22,2,2025-03-21
56097183000160,da Mota Nascimento S/A,Resolvida,12,1,2025-10-19
67108452000162,Novaes,Resolvida,20,3,2025-01-22
27451396000140,Nogueira,Não Resolvida,25,4,2025-11-26
73208514000100,Cavalcante,Resolvida,11,5,2024-12-08
75620938000103,Fernandes Peixoto S.A.,Resolvida,12,5,2024-07-22
95402861000102,Costela,Não Resolvida,24,4,2024-02-24
40851963000113,Andrade Pacheco - ME,Resolvida,15,4,2025-01-06
85710634000190,Macedo Ferreira - EI,Resolvida,20,2,2025-04-29
98702643000181,Barbosa Melo e Filhos,Não Resolvida,9,5,2025-10-24
45361728000187,Cavalcante,Não Resolvida,29,1,2024-09-09
03185297000103,Melo,Resolvida,6,5,2025-03-29
87136042000132,da Cunha,Não Resolvida,5,1,2025-07-02
48126539000118,Sá Moura e Filhos,Resolvida,14,4,2024-06-27
26510739000137,Pimenta e Filhos,Resolvida,21,2,2025-03-18
93408261000126,da Costa S.A.,Não Resolvida,11,2,2024-09-06
25041683000156,Barros,Resolvida,29,1,2025-03-20
41368529000140,Cunha,Resolvida,24,3,2024-11-04
19674825000110,Cunha,Resolvida,12,4,2024-07-26
70586932000143,Casa Grande Ltda.,Resolvida,13,4,2025-08-16
15306942000170,Garcia da Mota e Filhos,Resolvida,10,4,2025-07-13
80274631000138,Andrade - ME,Resolvida,18,5,2026-01-18
61053497000109,Camargo,Resolvida,8,5,2024-08-10
20485967000118,Aparecida,Resolvida,5,2,2025-02-05
05734926000124,da Cunha Lopes S/A,Resolvida,23,2,2025-05-28
41209387000178,Cavalcanti Araújo e Filhos,Resolvida,18,2,2024-10-29
52907481000117,Leão,Resolvida,8,1,2025-10-05
24579638000197,Jesus Ltda.,Resolvida,8,1,2025-06-18
13092756000150,Porto,Resolvida,1,1,2025-09-26
91582036000186,Silveira S/A,Resolvida,16,5,2024-10-29
21063475000105,Nogueira - EI,Resolvida,9,2,2024-08-04
37469158000115,Moura,Resolvida,2,2,2025-09-15
67830429000187,Jesus Camargo e Filhos,Resolvida,9,1,2024-10-23
08135962000160,Mendes,Resolvida,16,5,2024-08-12
04389726000119,Moraes,Não Resolvida,13,1,2024-05-10
90852671000173,Pastor,Resolvida,2,5,2024-03-09
01689342000123,Brito,Não Resolvida,4,3,2025-04-12
69403527000163,Oliveira da Conceição S/A,Não Resolvida,18,5,2024-11-13
62579084000117,Cunha,Não Resolvida,19,5,2024-05-16
25831047000128,Peixoto,Não Resolvida,24,1,2025-09-18
85934610000115,Abreu,Resolvida,1,4,2025-12-26
15980472000125,Novaes Teixeira e Filhos,Resolvida,15,5,2024-04-23
96123047000111,Costa Pires e Filhos,Resolvida,29,1,2025-01-24
04723615000105,Lopes Porto - EI,Resolvida,17,3,2024-11-03
81052436000126,Novaes Siqueira - EI,Resolvida,26,3,2025-01-02
68527034000172,Abreu e Filhos,Resolvida,14,2,2025-01-21
29156378000160,Abreu,Não Resolvida,9,3,2024-07-26
09674312000155,Martins Barbosa S/A,Resolvida,8,2,2024-08-16
38762459000103,Martins,Resolvida,21,5,2024-03-19
73591846000117,Siqueira - ME,Resolvida,12,5,2024-11-28
50218739000142,Machado - EI,Resolvida,5,4,2025-10-03
32491568000149,Lima,Resolvida,11,2,2025-05-10
75198264000109,da Rocha Sá e Filhos,Resolvida,11,5,2024-11-24
49675312000194,Rios,Não Resolvida,11,5,2025-12-15
69378451000163,Correia,Não Resolvida,25,4,2025-08-15
74531269000130,Rios,Não Resolvida,15,4,2026-01-15
75630829000177,Rodrigues Ferreira Ltda.,Não Resolvida,22,3,2025-02-10
53190486000134,Vasconcelos Novais e Filhos,Resolvida,29,4,2024-05-22
81706342000123,Siqueira,Resolvida,20,3,2026-01-07
53978426000180,Cassiano e Filhos,Não Resolvida,28,3,2025-11-27
17648592000155,Cavalcante,Resolvida,10,4,2025-12-14
80694321000172,Mendes Novais S.A.,Resolvida,2,1,2025-07-10
29617480000116,Fonseca Aparecida - EI,Não Resolvida,26,1,2025-09-05
75486390000150,Correia,Resolvida,7,4,2025-05-21
06578394000146,Sampaio e Filhos,Resolvida,13,1,2025-09-22
47935621000120,Lopes da Paz e Filhos,Resolvida,10,4,2024-10-26
95401738000177,Marques da Conceição - EI,Resolvida,22,1,2025-05-14
34802796000118,da Mata S.A.,Resolvida,13,2,2024-06-20
31920648000100,Monteiro,Resolvida,13,5,2025-07-07
53819746000198,Aparecida Aparecida Ltda.,Não Resolvida,9,2,2024-04-07
60928314000180,Câmara,Resolvida,10,2,2024-12-19
23174095000165,Cavalcanti,Resolvida,10,1,2024-10-31
13498257000167,Pacheco Cavalcanti - ME,Resolvida,5,4,2025-07-22
03967128000117,da Mota Costa - EI,Resolvida,19,4,2024-05-18
20743561000198,Nunes Cassiano Ltda.,Resolvida,10,1,2025-01-24
86219734000181,Sampaio,Resolvida,4,2,2025-06-27
86741953000126,Duarte,Resolvida,18,5,2025-09-22
90174658000102,Novaes,Resolvida,3,4,2026-01-25
71236940000122,Casa Grande - ME,Não Resolvida,23,5,2025-11-10
87391524000139,Correia - EI,Resolvida,16,5,2024-04-05
17359268000117,da Cunha,Resolvida,28,3,2025-04-16
97406238000153,Novais,Resolvida,14,5,2024-05-15
06248753000105,Sampaio,Resolvida,25,2,2025-11-10
59861734000108,da Rocha Costa - EI,Resolvida,7,5,2024-03-15
57891026000194,da Luz - EI,Resolvida,10,5,2025-05-27
76432958000113,Leão,Resolvida,17,3,2025-09-09
40835279000148,Novais - EI,Não Resolvida,28,3,2024-09-15
90234851000191,Alves e Filhos,Resolvida,6,2,2024-05-25
71392456000192,da Mota,Não Resolvida,13,4,2025-01-18
52107439000111,Garcia Pastor - ME,Resolvida,1,4,2024-05-11
45789320000100,Mendonça,Resolvida,8,1,2025-05-18
29476301000178,Barbosa,Resolvida,9,4,2025-09-17
08326751000104,Gomes,Resolvida,28,2,2024-09-09
79450168000159,Pires,Resolvida,12,3,2024-12-10
78492631000162,Cardoso,Resolvida,8,2,2024-03-17
21546073000153,Costa,Resolvida,12,5,2024-12-07
80396172000165,da Rocha Barbosa - EI,Resolvida,22,2,2024-07-21
62578094000138,das Neves Almeida Ltda.,Não Resolvida,2,1,2024-07-22
68712345000101,da Mata Silveira - EI,Não Resolvida,23,4,2025-01-22
74503921000103,Castro,Resolvida,12,2,2024-12-01
94231705000163,Moraes das Neves - EI,Não Resolvida,13,5,2025-10-02
45361078000170,Novaes,Resolvida,25,2,2025-09-24
52067948000168,Barros,Resolvida,25,4,2025-04-27
08175263000143,Martins,Resolvida,12,4,2024-08-19
75964302000189,Souza,Resolvida,13,4,2024-05-29
98574316000191,Silveira,Não Resolvida,22,5,2024-08-10
20913845000185,Lima,Resolvida,24,4,2025-10-11
82519403000106,Araújo Abreu S/A,Resolvida,21,4,2024-05-30
49083567000168,Rodrigues Siqueira S/A,Resolvida,18,1,2025-06-30
52139478000109,Rezende,Resolvida,12,4,2025-12-13
62985341000110,Carvalho Alves S/A,Resolvida,14,4,2024-01-29
32856107000122,Cavalcante Gomes Ltda.,Resolvida,18,5,2025-01-01
08279145000185,Costela,Resolvida,21,2,2025-05-09
39160284000119,Castro e Filhos,Não Resolvida,9,1,2024-07-04
41276085000112,Jesus,Resolvida,20,2,2024-12-23
50491267000105,da Rosa Sales Ltda.,Resolvida,23,3,2024-12-30
98320174000136,Peixoto,Não Resolvida,15,4,2024-08-11
56472190000102,Barbosa S.A.,Não Resolvida,10,4,2025-12-01
15346279000137,Guerra Nunes S/A,Não Resolvida,10,2,2025-05-11
08569237000108,Moura e Filhos,Resolvida,24,2,2024-07-14
70495318000176,Moraes,Não Resolvida,6,3,2024-02-05
37406198000118,Nunes,Não Resolvida,20,1,2024-07-31
45867302000108,Rodrigues S.A.,Resolvida,3,2,2025-06-03
32746980000162,Barbosa,Resolvida,3,2,2025-09-15
78462319000126,Castro Macedo S/A,Não Resolvida,18,2,2025-02-05
83701964000194,Garcia S.A.,Não Resolvida,25,5,2024-12-15
89375061000147,da Paz,Não Resolvida,4,1,2025-12-01
01873264000112,Costa - EI,Resolvida,22,5,2024-07-12
70614583000126,Rocha S.A.,Resolvida,3,1,2024-12-23
85169207000147,Sampaio Fogaça S.A.,Não Resolvida,13,5,2025-10-30
70426513000144,Almeida Melo S/A,Resolvida,21,2,2024-05-06
86530412000159,Santos Cavalcanti - EI,Resolvida,15,4,2025-09-30
79143685000185,da Costa,Resolvida,12,4,2024-04-27
49756130000148,Mendes,Resolvida,14,4,2025-04-24
10493865000190,Vargas,Resolvida,28,5,2025-07-21
03681942000170,da Cunha,Resolvida,2,4,2025-07-29
32815706000106,Novais,Resolvida,19,5,2025-02-12
37658041000180,Cardoso,Não Resolvida,10,1,2024-03-03
27450138000149,Cavalcante - ME,Resolvida,11,2,2024-05-16
47825913000100,Gomes,Resolvida,24,1,2025-07-03
70952483000100,Caldeira,Resolvida,9,3,2025-02-07
97541382000100,Siqueira S.A.,Resolvida,28,3,2024-06-08
50897461000187,Azevedo,Resolvida,16,4,2025-08-01
69243817000197,Ramos Casa Grande - ME,Resolvida,4,1,2025-11-15
93047286000141,Moraes,Resolvida,28,4,2025-05-02
78129345000137,da Luz da Rocha - EI,Resolvida,4,4,2025-08-31
42865701000133,Abreu S/A,Não Resolvida,18,5,2024-07-06
18056427000177,Aragão,Não Resolvida,29,3,2025-09-22
02934615000110,Silva Casa Grande S/A,Resolvida,28,5,2025-02-06
49086132000177,Pires S.A.,Resolvida,5,2,2024-05-13
42173695000153,Viana S/A,Resolvida,21,5,2024-05-04
31204598000164,Cunha Cunha - EI,Não Resolvida,26,5,2024-03-01
23680945000105,Nogueira,Resolvida,21,2,2025-03-14
05842163000135,Dias Costa S/A,Resolvida,21,5,2025-07-13
01734592000138,Viana Cavalcante S/A,Não Resolvida,13,4,2025-10-20
18960245000126,Fernandes,Resolvida,17,4,2025-12-19
69350418000125,Cunha,Resolvida,21,4,2025-08-08
76528139000174,Sales,Resolvida,21,2,2025-06-13
25019476000103,Castro Carvalho - ME,Resolvida,2,4,2024-09-15
49732805000119,Moraes S.A.,Resolvida,18,3,2025-09-26
25013869000100,Santos S.A.,Resolvida,20,5,2024-10-29
19765302000189,Albuquerque S.A.,Resolvida,21,2,2024-08-23
38104527000139,Pastor,Não Resolvida,9,1,2024-06-18
92754801000160,da Luz,Resolvida,9,1,2025-10-07
48369072000137,Leão Nogueira S.A.,Não Resolvida,16,5,2025-07-06
59671824000136,Moreira S/A,Resolvida,18,2,2024-10-23
09185746000191,Ferreira e Filhos,Resolvida,8,5,2025-03-23
08346295000164,da Mota,Não Resolvida,23,2,2024-04-10
12730456000196,Rocha S.A.,Resolvida,22,1,2024-04-14
17352906000178,Moura,Resolvida,28,5,2025-06-26
82970614000160,Moreira,Resolvida,12,1,2025-11-18
42819063000114,Guerra Macedo Ltda.,Resolvida,8,5,2024-12-30
69135478000125,Cardoso Santos e Filhos,Resolvida,23,3,2024-02-25
75216983000105,Pimenta Dias e Filhos,Resolvida,19,3,2025-09-15
31870649000197,Gonçalves,Resolvida,5,4,2024-04-18
84961207000112,Santos Pastor - ME,Resolvida,26,4,2024-11-29
23698740000149,da Conceição,Resolvida,15,3,2025-09-17
07638425000170,Santos,Resolvida,28,3,2024-02-20
91560842000153,Porto,Resolvida,5,5,2025-01-20
90278341000116,Nunes S.A.,Resolvida,8,2,2025-06-16
98745132000147,Brito,Resolvida,16,4,2025-01-04
54830276000126,Fernandes,Não Resolvida,8,1,2024-08-08
21748063000109,Moreira Albuquerque e Filhos,Não Resolvida,15,2,2025-12-13
34827605000172,Borges e Filhos,Resolvida,4,4,2024-05-07
86541390000122,Pacheco,Não Resolvida,9,1,2025-05-06
46250387000135,da Luz,Resolvida,18,2,2024-05-13
16803259000100,Rezende - ME,Não Resolvida,12,3,2025-02-12
30278691000150,Pimenta Sá - EI,Não Resolvida,22,5,2024-01-28
14592678000115,da Cruz Gonçalves Ltda.,Resolvida,16,4,2025-02-17
81650342000159,da Cruz - EI,Resolvida,10,1,2024-02-02
67032549000139,Ramos S.A.,Não Resolvida,23,1,2025-10-25
19054287000160,Carvalho Ltda.,Resolvida,27,4,2025-07-11
10432756000163,Souza,Resolvida,18,4,2024-04-29
65130472000104,Castro - EI,Resolvida,21,4,2024-05-03
34869125000174,da Mata,Resolvida,14,1,2025-09-11
59216084000148,Viana - EI,Resolvida,3,2,2024-02-21
06958274000174,Jesus - ME,Não Resolvida,23,1,2024-08-19
24983107000165,Pimenta Brito Ltda.,Resolvida,15,2,2024-11-29
78045396000180,Gonçalves Novais S/A,Resolvida,21,4,2025-05-30
64053712000151,Melo Andrade S.A.,Resolvida,22,3,2025-09-04
87640512000109,Mendes,Resolvida,28,5,2025-07-28
87950236000177,Almeida e Filhos,Resolvida,2,5,2025-05-18
21479083000113,Porto,Resolvida,20,3,2025-02-21
12078693000114,Rocha,Não Resolvida,15,3,2024-11-09
05487619000196,Correia - ME,Resolvida,12,5,2025-08-28
50968413000132,Porto,Resolvida,5,5,2024-09-29
56387924000147,da Conceição,Resolvida,3,3,2025-09-11
29458763000162,Carvalho Cunha e Filhos,Resolvida,7,4,2024-12-03
14397068000160,Abreu,Resolvida,5,2,2024-02-12
69140572000172,da Mata S.A.,Resolvida,8,1,2025-12-24
18974062000160,Almeida Gomes - EI,Resolvida,3,1,2024-03-20
47831952000110,Carvalho Rocha e Filhos,Resolvida,3,2,2024-04-28
41602879000129,das Neves,Resolvida,25,2,2025-02-21
82597140000153,Pimenta,Resolvida,14,3,2025-03-05
91726048000137,Cunha - ME,Resolvida,9,5,2025-10-24
76359480000143,Vargas Caldeira S/A,Resolvida,4,2,2025-04-14
51490876000102,Jesus,Não Resolvida,22,4,2025-05-26
53417096000154,Leão,Resolvida,14,1,2025-03-12
59712036000140,Ribeiro e Filhos,Não Resolvida,25,4,2024-11-29
54178032000100,Moura,Resolvida,19,3,2025-05-11
19278065000121,Castro Moraes e Filhos,Não Resolvida,4,5,2025-07-06
20431956000155,Almeida,Resolvida,10,3,2025-10-30
08639427000146,Siqueira,Resolvida,6,5,2025-11-15
30847295000105,Peixoto,Resolvida,7,5,2025-12-07
80927453000105,Carvalho Gonçalves Ltda.,Resolvida,14,4,2025-11-04
32970845000104,da Conceição,Resolvida,13,4,2025-12-26
06582741000104,da Costa da Costa S.A.,Resolvida,7,4,2024-05-25
79350486000148,Caldeira Novais - ME,Resolvida,3,5,2024-11-30
08462793000172,Marques,Resolvida,23,4,2024-10-14
83695247000105,Jesus Ltda.,Resolvida,24,2,2025-08-29
24019386000141,das Neves e Filhos,Resolvida,19,4,2024-04-05
34928576000135,Farias,Não Resolvida,17,3,2025-03-30
59406238000164,Nascimento e Filhos,Resolvida,13,4,2024-01-27
25396187000115,Pacheco S/A,Não Resolvida,6,5,2025-06-03
19836207000129,Sampaio,Não Resolvida,19,5,2024-07-18
17560948000102,Nogueira Silveira - EI,Resolvida,23,1,2025-04-22
95173082000182,Almeida,Resolvida,18,4,2024-10-08
74602893000181,Barros,Resolvida,28,3,2025-08-26
30458976000173,Borges,Não Resolvida,25,4,2025-05-05
27068135000145,Ramos e Filhos,Resolvida,1,1,2026-01-17
93548062000113,Rios S.A.,Resolvida,20,3,2024-03-15
17982430000159,Garcia S.A.,Resolvida,15,4,2025-04-16
08561792000185,Aparecida,Resolvida,9,2,2024-02-22
92850637000195,Vieira S/A,Resolvida,25,4,2025-09-11
12095874000159,Campos,Resolvida,18,3,2024-08-03
10586723000178,Abreu,Resolvida,17,5,2025-06-04
80746315000111,da Mota S.A.,Resolvida,27,5,2024-12-11
42609758000171,Pacheco Vargas Ltda.,Não Resolvida,19,2,2024-09-01
81096725000127,Dias Gomes S.A.,Não Resolvida,26,3,2024-03-24
02496815000139,Aragão,Resolvida,5,4,2025-09-24
85104236000120,Sá Sousa e Filhos,Não Resolvida,10,5,2024-05-11
30871254000146,Aragão - EI,Resolvida,26,4,2024-06-22
15826790000136,Sampaio,Resolvida,7,2,2026-01-13
85793210000137,Abreu,Não Resolvida,24,1,2024-12-05
23910865000190,Dias,Resolvida,9,4,2025-05-25
82351064000100,Porto,Resolvida,25,4,2025-12-13
32894156000150,Pastor,Resolvida,4,5,2024-07-18
15623870000194,Porto,Resolvida,12,2,2026-01-06
76892014000129,Souza - ME,Resolvida,28,3,2025-07-16
04953672000172,Lopes,Resolvida,14,2,2024-11-24
53192804000104,da Paz Ltda.,Resolvida,22,2,2025-09-03
81695027000148,Silveira Campos e Filhos,Não Resolvida,6,4,2024-12-21
53401762000166,Câmara,Resolvida,4,3,2025-02-14
68539127000117,Almeida,Resolvida,26,3,2025-02-05
10623975000120,da Mata,Resolvida,4,2,2025-09-16
16950427000190,Sousa,Resolvida,7,2,2025-04-07
23981074000151,Freitas,Resolvida,11,4,2025-11-30
97041836000176,Albuquerque Dias S.A.,Resolvida,16,5,2024-08-07
76905124000188,Guerra - EI,Resolvida,12,1,2025-05-18
40918357000178,Marques Brito e Filhos,Resolvida,21,2,2025-12-31
95043876000121,Mendonça da Rocha S/A,Resolvida,23,2,2025-11-13
89340617000160,Nunes,Resolvida,17,3,2024-06-23
08637241000158,Santos,Resolvida,21,4,2025-07-24
53649712000100,Cavalcanti Fogaça - ME,Resolvida,9,1,2024-11-28
73659012000104,da Cunha Pastor - EI,Resolvida,4,2,2024-12-29
76450198000177,Sá,Resolvida,22,1,2024-06-02
59162074000177,Carvalho,Resolvida,29,5,2025-06-20
28046395000182,da Paz,Não Resolvida,26,3,2025-04-09
54217960000137,da Mata S.A.,Resolvida,22,1,2025-06-28
48097512000144,Pacheco,Resolvida,6,2,2025-09-10
42867053000154,Castro,Resolvida,21,5,2025-12-07
27016938000156,Cavalcante,Não Resolvida,16,1,2025-12-09
95417036000181,Nascimento Ltda.,Resolvida,2,3,2025-05-08
69825470000190,Novaes Pires e Filhos,Resolvida,22,4,2025-03-07
78913265000178,da Luz,Resolvida,8,4,2024-07-01
64318950000141,Teixeira,Resolvida,3,3,2025-01-14
51946307000110,Abreu Siqueira S.A.,Não Resolvida,7,5,2025-08-06
21386045000116,Novais - EI,Resolvida,4,4,2025-06-27
46031592000100,Freitas - EI,Resolvida,24,5,2025-03-12
34860712000100,Leão,Resolvida,20,4,2024-10-03
70521394000109,Santos,Resolvida,29,1,2024-04-03
26980513000108,Cirino Freitas - ME,Resolvida,28,2,2025-07-31
50234871000148,Barbosa,Resolvida,2,1,2025-09-29
25074836000161,Souza - ME,Resolvida,3,4,2024-12-15
16502938000140,Duarte - EI,Resolvida,20,3,2024-12-23
85902164000167,Rezende,Resolvida,20,1,2024-09-25
02756934000183,Cunha Vargas - EI,Resolvida,11,3,2024-10-20
15240976000109,da Luz Nunes e Filhos,Resolvida,11,4,2024-11-14
41360975000108,Novaes Rocha S.A.,Resolvida,24,4,2025-05-29
53879024000129,da Cunha Montenegro e Filhos,Não Resolvida,4,5,2025-03-18
19753624000108,Mendes e Filhos,Resolvida,23,1,2025-07-29
01964837000113,Cassiano Novais - ME,Resolvida,16,2,2024-09-29
49258136000195,Fonseca,Resolvida,20,4,2025-04-17
91742650000168,Cassiano,Resolvida,16,3,2025-07-22
73861045000124,Fernandes Albuquerque S/A,Resolvida,27,2,2024-03-31
56398201000143,Moura,Resolvida,6,1,2024-03-06
38924067000195,Sampaio,Resolvida,23,5,2025-01-24
30519276000141,Peixoto S/A,Resolvida,16,3,2024-08-31
96048273000185,Azevedo,Resolvida,6,3,2024-09-29
73984102000162,Fogaça,Não Resolvida,12,3,2025-09-02
62140839000182,Silva,Resolvida,16,1,2024-03-01
74269580000153,Campos,Resolvida,23,5,2024-09-25
75428396000171,da Mata,Resolvida,13,2,2024-07-21
63058179000158,Castro,Resolvida,6,2,2025-06-09
71843609000170,Borges e Filhos,Resolvida,23,3,2025-04-17
97368014000102,Cavalcanti Carvalho - ME,Resolvida,3,1,2024-06-08
23486791000107,Camargo,Resolvida,20,2,2024-12-17
51794032000147,Martins,Resolvida,5,3,2024-01-30
19830472000108,Siqueira,Resolvida,29,1,2024-02-15
10452893000160,da Mata Ltda.,Não Resolvida,18,3,2025-03-31
05674389000174,Guerra,Não Resolvida,25,3,2024-10-21
74682913000171,Novais S.A.,Não Resolvida,12,4,2024-10-04
54893106000190,Castro,Resolvida,24,2,2025-11-06
34986701000163,Campos e Filhos,Não Resolvida,12,4,2025-03-07
76285134000168,Andrade,Resolvida,16,5,2025-08-08
94076531000101,Castro da Costa - ME,Resolvida,26,1,2025-03-27
45896130000192,Correia,Resolvida,20,2,2025-07-22
89547610000113,Casa Grande,Resolvida,15,2,2024-05-23
20156784000159,Moraes Sales - ME,Resolvida,25,1,2025-08-16
52749036000176,Carvalho - ME,Não Resolvida,11,3,2024-03-04
35649207000176,Almeida,Resolvida,20,5,2025-08-21
89215307000113,Silva,Resolvida,2,3,2024-02-28
14786532000100,Siqueira,Resolvida,28,1,2026-01-14
96073415000164,Fogaça,Resolvida,1,3,2025-06-12
54613287000154,Pimenta,Resolvida,25,5,2025-11-07
25671389000128,das Neves,Resolvida,21,5,2024-08-06
91803256000192,da Rosa Cirino Ltda.,Resolvida,14,4,2025-07-01
61780942000124,Almeida - ME,Não Resolvida,7,1,2025-06-09
54789136000151,Ferreira,Não Resolvida,13,2,2024-03-17
91430267000174,da Cruz,Resolvida,6,3,2025-11-02
34817956000100,Araújo,Resolvida,27,3,2025-04-15
08164937000104,Aparecida S/A,Resolvida,14,4,2025-01-03
98352407000182,Rios,Resolvida,3,3,2025-05-09
92451036000100,Fernandes e Filhos,Não Resolvida,14,3,2024-08-02
79524860000184,Souza,Resolvida,25,2,2026-01-17
14389650000185,Mendonça Ribeiro Ltda.,Não Resolvida,22,1,2025-12-13
19568427000119,Freitas,Resolvida,19,3,2025-05-31
37862105000160,da Rosa Ltda.,Não Resolvida,9,4,2024-10-13
75061324000139,Aragão,Resolvida,7,1,2025-08-13
38965740000135,Jesus,Resolvida,23,1,2024-04-09
01945628000122,da Rosa,Resolvida,15,4,2025-11-13
73519806000164,Araújo,Resolvida,6,5,2024-10-14
32174956000104,Lima,Resolvida,8,1,2025-01-02
31648025000120,Duarte,Resolvida,1,4,2024-11-14
31598746000172,Pacheco da Luz S.A.,Resolvida,11,5,2025-05-05
18645932000157,Cardoso e Filhos,Resolvida,27,1,2024-08-08
39281476000183,Vieira Caldeira - ME,Resolvida,4,4,2024-11-14
47389206000119,Mendes da Rosa Ltda.,Não Resolvida,9,5,2024-09-12
54938601000179,Dias e Filhos,Resolvida,9,5,2024-12-24
79506421000149,da Luz,Não Resolvida,16,4,2024-07-07
37014289000108,Lima Abreu - EI,Resolvida,14,2,2024-08-12
29053781000164,Fogaça,Resolvida,21,5,2024-02-03
65214087000145,Rodrigues da Mata Ltda.,Resolvida,5,3,2026-01-09
81093675000124,Vargas,Resolvida,21,5,2025-10-21
96857241000120,Borges,Resolvida,9,4,2024-02-17
49865072000190,da Costa e Filhos,Não Resolvida,2,1,2024-07-16
97834216000194,Farias Melo e Filhos,Resolvida,23,4,2025-10-29
83902546000165,Viana,Não Resolvida,14,1,2025-01-19
07162485000169,Vieira,Resolvida,20,5,2025-04-10
85679402000117,Camargo da Mota - EI,Resolvida,21,3,2024-09-07
36172405000154,da Rosa Pacheco S/A,Resolvida,25,5,2024-06-15
06182395000177,da Luz,Resolvida,23,4,2026-01-11
46195807000128,Silva e Filhos,Resolvida,22,4,2025-03-02
46932801000196,Cavalcante S/A,Resolvida,22,4,2024-09-25
70643819000152,da Rosa Mendonça S.A.,Não Resolvida,2,3,2024-12-22
41963702000158,Novais S.A.,Resolvida,1,1,2025-05-05
32698017000150,Costela,Resolvida,29,4,2024-12-23
48901762000195,Novais,Resolvida,27,3,2025-12-25
72950684000101,Caldeira,Resolvida,1,1,2024-10-20
40965783000162,Ferreira,Resolvida,17,3,2024-12-30
38217456000180,Silva S.A.,Resolvida,3,5,2025-06-22
09468237000176,Costa - ME,Resolvida,17,5,2025-02-28
62495130000108,Jesus,Resolvida,17,1,2024-11-03
27096518000127,Pinto Leão - EI,Resolvida,11,4,2024-02-04
89170634000104,Leão Cavalcanti - ME,Resolvida,26,5,2024-12-20
69037128000126,da Costa da Costa S.A.,Resolvida,10,3,2025-06-23
19872350000176,Azevedo Peixoto - EI,Resolvida,9,1,2024-04-28
42753016000115,Novais e Filhos,Não Resolvida,17,1,2024-02-23
40172968000110,da Mota Sampaio - ME,Não Resolvida,21,3,2025-12-04
24658193000130,Rocha,Não Resolvida,23,1,2025-05-01
43628501000120,Alves,Resolvida,11,3,2025-03-21
30859276000190,Fogaça,Resolvida,14,5,2024-11-18
09546278000133,Montenegro,Resolvida,12,3,2024-04-20
84705362000178,Moraes,Resolvida,8,5,2025-01-18
71309658000128,Guerra,Resolvida,12,5,2024-08-08
64138509000188,Siqueira,Resolvida,13,2,2024-06-06
57186493000113,Lima,Não Resolvida,26,5,2024-04-03
27019835000140,Leão e Filhos,Resolvida,27,5,2024-03-25
74196258000141,Pastor,Não Resolvida,17,4,2024-11-30
61045829000103,Gomes,Resolvida,2,4,2024-04-15
52749816000116,Cirino S/A,Resolvida,4,2,2024-05-27
89403752000107,da Mota S/A,Resolvida,15,4,2024-04-13
30852194000114,Cavalcante Moreira - ME,Resolvida,17,1,2025-01-02
42096315000124,da Luz Pires e Filhos,Resolvida,19,1,2025-05-19
48927306000114,Castro - EI,Não Resolvida,29,1,2024-03-31
71249365000100,Nunes Peixoto - EI,Resolvida,19,3,2025-05-21
92480351000165,Caldeira,Resolvida,14,2,2025-01-17
38257694000110,Peixoto da Rosa - EI,Resolvida,9,1,2026-01-12
39570642000161,Correia,Resolvida,3,4,2025-05-29
26051394000109,Brito,Resolvida,21,2,2025-09-25
30812457000161,Cirino,Resolvida,3,2,2025-08-25
36421805000156,Garcia S.A.,Resolvida,12,3,2024-09-22
